package,exact_locked_version,role,source,license_spdx,redistribution_note,native_runtime_concerns
@electron/get,2.0.3,transitive,https://registry.npmjs.org/@electron/get/-/get-2.0.3.tgz,MIT,Retain applicable upstream license and notice obligations; review package source before redistribution.,none declared in package-lock
@esbuild/aix-ppc64,0.25.12,transitive,https://registry.npmjs.org/@esbuild/aix-ppc64/-/aix-ppc64-0.25.12.tgz,MIT,Retain applicable upstream license and notice obligations; review package source before redistribution.,os=aix; cpu=ppc64
@esbuild/android-arm,0.25.12,transitive,https://registry.npmjs.org/@esbuild/android-arm/-/android-arm-0.25.12.tgz,MIT,Retain applicable upstream license and notice obligations; review package source before redistribution.,os=android; cpu=arm
@esbuild/android-arm64,0.25.12,transitive,https://registry.npmjs.org/@esbuild/android-arm64/-/android-arm64-0.25.12.tgz,MIT,Retain applicable upstream license and notice obligations; review package source before redistribution.,os=android; cpu=arm64
@esbuild/android-x64,0.25.12,transitive,https://registry.npmjs.org/@esbuild/android-x64/-/android-x64-0.25.12.tgz,MIT,Retain applicable upstream license and notice obligations; review package source before redistribution.,os=android; cpu=x64
@esbuild/darwin-arm64,0.25.12,transitive,https://registry.npmjs.org/@esbuild/darwin-arm64/-/darwin-arm64-0.25.12.tgz,MIT,Retain applicable upstream license and notice obligations; review package source before redistribution.,os=darwin; cpu=arm64
@esbuild/darwin-x64,0.25.12,transitive,https://registry.npmjs.org/@esbuild/darwin-x64/-/darwin-x64-0.25.12.tgz,MIT,Retain applicable upstream license and notice obligations; review package source before redistribution.,os=darwin; cpu=x64
@esbuild/freebsd-arm64,0.25.12,transitive,https://registry.npmjs.org/@esbuild/freebsd-arm64/-/freebsd-arm64-0.25.12.tgz,MIT,Retain applicable upstream license and notice obligations; review package source before redistribution.,os=freebsd; cpu=arm64
@esbuild/freebsd-x64,0.25.12,transitive,https://registry.npmjs.org/@esbuild/freebsd-x64/-/freebsd-x64-0.25.12.tgz,MIT,Retain applicable upstream license and notice obligations; review package source before redistribution.,os=freebsd; cpu=x64
@esbuild/linux-arm,0.25.12,transitive,https://registry.npmjs.org/@esbuild/linux-arm/-/linux-arm-0.25.12.tgz,MIT,Retain applicable upstream license and notice obligations; review package source before redistribution.,os=linux; cpu=arm
@esbuild/linux-arm64,0.25.12,transitive,https://registry.npmjs.org/@esbuild/linux-arm64/-/linux-arm64-0.25.12.tgz,MIT,Retain applicable upstream license and notice obligations; review package source before redistribution.,os=linux; cpu=arm64
@esbuild/linux-ia32,0.25.12,transitive,https://registry.npmjs.org/@esbuild/linux-ia32/-/linux-ia32-0.25.12.tgz,MIT,Retain applicable upstream license and notice obligations; review package source before redistribution.,os=linux; cpu=ia32
@esbuild/linux-loong64,0.25.12,transitive,https://registry.npmjs.org/@esbuild/linux-loong64/-/linux-loong64-0.25.12.tgz,MIT,Retain applicable upstream license and notice obligations; review package source before redistribution.,os=linux; cpu=loong64
@esbuild/linux-mips64el,0.25.12,transitive,https://registry.npmjs.org/@esbuild/linux-mips64el/-/linux-mips64el-0.25.12.tgz,MIT,Retain applicable upstream license and notice obligations; review package source before redistribution.,os=linux; cpu=mips64el
@esbuild/linux-ppc64,0.25.12,transitive,https://registry.npmjs.org/@esbuild/linux-ppc64/-/linux-ppc64-0.25.12.tgz,MIT,Retain applicable upstream license and notice obligations; review package source before redistribution.,os=linux; cpu=ppc64
@esbuild/linux-riscv64,0.25.12,transitive,https://registry.npmjs.org/@esbuild/linux-riscv64/-/linux-riscv64-0.25.12.tgz,MIT,Retain applicable upstream license and notice obligations; review package source before redistribution.,os=linux; cpu=riscv64
@esbuild/linux-s390x,0.25.12,transitive,https://registry.npmjs.org/@esbuild/linux-s390x/-/linux-s390x-0.25.12.tgz,MIT,Retain applicable upstream license and notice obligations; review package source before redistribution.,os=linux; cpu=s390x
@esbuild/linux-x64,0.25.12,transitive,https://registry.npmjs.org/@esbuild/linux-x64/-/linux-x64-0.25.12.tgz,MIT,Retain applicable upstream license and notice obligations; review package source before redistribution.,os=linux; cpu=x64
@esbuild/netbsd-arm64,0.25.12,transitive,https://registry.npmjs.org/@esbuild/netbsd-arm64/-/netbsd-arm64-0.25.12.tgz,MIT,Retain applicable upstream license and notice obligations; review package source before redistribution.,os=netbsd; cpu=arm64
@esbuild/netbsd-x64,0.25.12,transitive,https://registry.npmjs.org/@esbuild/netbsd-x64/-/netbsd-x64-0.25.12.tgz,MIT,Retain applicable upstream license and notice obligations; review package source before redistribution.,os=netbsd; cpu=x64
@esbuild/openbsd-arm64,0.25.12,transitive,https://registry.npmjs.org/@esbuild/openbsd-arm64/-/openbsd-arm64-0.25.12.tgz,MIT,Retain applicable upstream license and notice obligations; review package source before redistribution.,os=openbsd; cpu=arm64
@esbuild/openbsd-x64,0.25.12,transitive,https://registry.npmjs.org/@esbuild/openbsd-x64/-/openbsd-x64-0.25.12.tgz,MIT,Retain applicable upstream license and notice obligations; review package source before redistribution.,os=openbsd; cpu=x64
@esbuild/openharmony-arm64,0.25.12,transitive,https://registry.npmjs.org/@esbuild/openharmony-arm64/-/openharmony-arm64-0.25.12.tgz,MIT,Retain applicable upstream license and notice obligations; review package source before redistribution.,os=openharmony; cpu=arm64
@esbuild/sunos-x64,0.25.12,transitive,https://registry.npmjs.org/@esbuild/sunos-x64/-/sunos-x64-0.25.12.tgz,MIT,Retain applicable upstream license and notice obligations; review package source before redistribution.,os=sunos; cpu=x64
@esbuild/win32-arm64,0.25.12,transitive,https://registry.npmjs.org/@esbuild/win32-arm64/-/win32-arm64-0.25.12.tgz,MIT,Retain applicable upstream license and notice obligations; review package source before redistribution.,os=win32; cpu=arm64
@esbuild/win32-ia32,0.25.12,transitive,https://registry.npmjs.org/@esbuild/win32-ia32/-/win32-ia32-0.25.12.tgz,MIT,Retain applicable upstream license and notice obligations; review package source before redistribution.,os=win32; cpu=ia32
@esbuild/win32-x64,0.25.12,transitive,https://registry.npmjs.org/@esbuild/win32-x64/-/win32-x64-0.25.12.tgz,MIT,Retain applicable upstream license and notice obligations; review package source before redistribution.,os=win32; cpu=x64
@napi-rs/lzma-linux-x64-gnu,1.5.1,transitive,https://registry.npmjs.org/@napi-rs/lzma-linux-x64-gnu/-/lzma-linux-x64-gnu-1.5.1.tgz,MIT,Retain applicable upstream license and notice obligations; review package source before redistribution.,os=linux; cpu=x64
@radix-ui/primitive,1.1.7,transitive,https://registry.npmjs.org/@radix-ui/primitive/-/primitive-1.1.7.tgz,MIT,Retain applicable upstream license and notice obligations; review package source before redistribution.,none declared in package-lock
@radix-ui/react-compose-refs,1.1.5,transitive,https://registry.npmjs.org/@radix-ui/react-compose-refs/-/react-compose-refs-1.1.5.tgz,MIT,Retain applicable upstream license and notice obligations; review package source before redistribution.,none declared in package-lock
@radix-ui/react-context,1.2.2,transitive,https://registry.npmjs.org/@radix-ui/react-context/-/react-context-1.2.2.tgz,MIT,Retain applicable upstream license and notice obligations; review package source before redistribution.,none declared in package-lock
@radix-ui/react-dialog,1.1.23,transitive,https://registry.npmjs.org/@radix-ui/react-dialog/-/react-dialog-1.1.23.tgz,MIT,Retain applicable upstream license and notice obligations; review package source before redistribution.,none declared in package-lock
@radix-ui/react-dismissable-layer,1.1.19,transitive,https://registry.npmjs.org/@radix-ui/react-dismissable-layer/-/react-dismissable-layer-1.1.19.tgz,MIT,Retain applicable upstream license and notice obligations; review package source before redistribution.,none declared in package-lock
@radix-ui/react-focus-guards,1.1.6,transitive,https://registry.npmjs.org/@radix-ui/react-focus-guards/-/react-focus-guards-1.1.6.tgz,MIT,Retain applicable upstream license and notice obligations; review package source before redistribution.,none declared in package-lock
@radix-ui/react-focus-scope,1.1.16,transitive,https://registry.npmjs.org/@radix-ui/react-focus-scope/-/react-focus-scope-1.1.16.tgz,MIT,Retain applicable upstream license and notice obligations; review package source before redistribution.,none declared in package-lock
@radix-ui/react-id,1.1.4,transitive,https://registry.npmjs.org/@radix-ui/react-id/-/react-id-1.1.4.tgz,MIT,Retain applicable upstream license and notice obligations; review package source before redistribution.,none declared in package-lock
@radix-ui/react-portal,1.1.17,transitive,https://registry.npmjs.org/@radix-ui/react-portal/-/react-portal-1.1.17.tgz,MIT,Retain applicable upstream license and notice obligations; review package source before redistribution.,none declared in package-lock
@radix-ui/react-presence,1.1.10,transitive,https://registry.npmjs.org/@radix-ui/react-presence/-/react-presence-1.1.10.tgz,MIT,Retain applicable upstream license and notice obligations; review package source before redistribution.,none declared in package-lock
@radix-ui/react-primitive,2.1.10,transitive,https://registry.npmjs.org/@radix-ui/react-primitive/-/react-primitive-2.1.10.tgz,MIT,Retain applicable upstream license and notice obligations; review package source before redistribution.,none declared in package-lock
@radix-ui/react-slot,1.3.3,transitive,https://registry.npmjs.org/@radix-ui/react-slot/-/react-slot-1.3.3.tgz,MIT,Retain applicable upstream license and notice obligations; review package source before redistribution.,none declared in package-lock
@radix-ui/react-use-callback-ref,1.1.4,transitive,https://registry.npmjs.org/@radix-ui/react-use-callback-ref/-/react-use-callback-ref-1.1.4.tgz,MIT,Retain applicable upstream license and notice obligations; review package source before redistribution.,none declared in package-lock
@radix-ui/react-use-controllable-state,1.2.6,transitive,https://registry.npmjs.org/@radix-ui/react-use-controllable-state/-/react-use-controllable-state-1.2.6.tgz,MIT,Retain applicable upstream license and notice obligations; review package source before redistribution.,none declared in package-lock
@radix-ui/react-use-effect-event,0.0.5,transitive,https://registry.npmjs.org/@radix-ui/react-use-effect-event/-/react-use-effect-event-0.0.5.tgz,MIT,Retain applicable upstream license and notice obligations; review package source before redistribution.,none declared in package-lock
@radix-ui/react-use-layout-effect,1.1.4,transitive,https://registry.npmjs.org/@radix-ui/react-use-layout-effect/-/react-use-layout-effect-1.1.4.tgz,MIT,Retain applicable upstream license and notice obligations; review package source before redistribution.,none declared in package-lock
@rollup/rollup-android-arm-eabi,4.62.4,transitive,https://registry.npmjs.org/@rollup/rollup-android-arm-eabi/-/rollup-android-arm-eabi-4.62.4.tgz,MIT,Retain applicable upstream license and notice obligations; review package source before redistribution.,os=android; cpu=arm
@rollup/rollup-android-arm64,4.62.4,transitive,https://registry.npmjs.org/@rollup/rollup-android-arm64/-/rollup-android-arm64-4.62.4.tgz,MIT,Retain applicable upstream license and notice obligations; review package source before redistribution.,os=android; cpu=arm64
@rollup/rollup-darwin-arm64,4.62.4,transitive,https://registry.npmjs.org/@rollup/rollup-darwin-arm64/-/rollup-darwin-arm64-4.62.4.tgz,MIT,Retain applicable upstream license and notice obligations; review package source before redistribution.,os=darwin; cpu=arm64
@rollup/rollup-darwin-x64,4.62.4,transitive,https://registry.npmjs.org/@rollup/rollup-darwin-x64/-/rollup-darwin-x64-4.62.4.tgz,MIT,Retain applicable upstream license and notice obligations; review package source before redistribution.,os=darwin; cpu=x64
@rollup/rollup-freebsd-arm64,4.62.4,transitive,https://registry.npmjs.org/@rollup/rollup-freebsd-arm64/-/rollup-freebsd-arm64-4.62.4.tgz,MIT,Retain applicable upstream license and notice obligations; review package source before redistribution.,os=freebsd; cpu=arm64
@rollup/rollup-freebsd-x64,4.62.4,transitive,https://registry.npmjs.org/@rollup/rollup-freebsd-x64/-/rollup-freebsd-x64-4.62.4.tgz,MIT,Retain applicable upstream license and notice obligations; review package source before redistribution.,os=freebsd; cpu=x64
@rollup/rollup-linux-arm-gnueabihf,4.62.4,transitive,https://registry.npmjs.org/@rollup/rollup-linux-arm-gnueabihf/-/rollup-linux-arm-gnueabihf-4.62.4.tgz,MIT,Retain applicable upstream license and notice obligations; review package source before redistribution.,os=linux; cpu=arm
@rollup/rollup-linux-arm-musleabihf,4.62.4,transitive,https://registry.npmjs.org/@rollup/rollup-linux-arm-musleabihf/-/rollup-linux-arm-musleabihf-4.62.4.tgz,MIT,Retain applicable upstream license and notice obligations; review package source before redistribution.,os=linux; cpu=arm
@rollup/rollup-linux-arm64-gnu,4.62.4,transitive,https://registry.npmjs.org/@rollup/rollup-linux-arm64-gnu/-/rollup-linux-arm64-gnu-4.62.4.tgz,MIT,Retain applicable upstream license and notice obligations; review package source before redistribution.,os=linux; cpu=arm64
@rollup/rollup-linux-arm64-musl,4.62.4,transitive,https://registry.npmjs.org/@rollup/rollup-linux-arm64-musl/-/rollup-linux-arm64-musl-4.62.4.tgz,MIT,Retain applicable upstream license and notice obligations; review package source before redistribution.,os=linux; cpu=arm64
@rollup/rollup-linux-loong64-gnu,4.62.4,transitive,https://registry.npmjs.org/@rollup/rollup-linux-loong64-gnu/-/rollup-linux-loong64-gnu-4.62.4.tgz,MIT,Retain applicable upstream license and notice obligations; review package source before redistribution.,os=linux; cpu=loong64
@rollup/rollup-linux-loong64-musl,4.62.4,transitive,https://registry.npmjs.org/@rollup/rollup-linux-loong64-musl/-/rollup-linux-loong64-musl-4.62.4.tgz,MIT,Retain applicable upstream license and notice obligations; review package source before redistribution.,os=linux; cpu=loong64
@rollup/rollup-linux-ppc64-gnu,4.62.4,transitive,https://registry.npmjs.org/@rollup/rollup-linux-ppc64-gnu/-/rollup-linux-ppc64-gnu-4.62.4.tgz,MIT,Retain applicable upstream license and notice obligations; review package source before redistribution.,os=linux; cpu=ppc64
@rollup/rollup-linux-ppc64-musl,4.62.4,transitive,https://registry.npmjs.org/@rollup/rollup-linux-ppc64-musl/-/rollup-linux-ppc64-musl-4.62.4.tgz,MIT,Retain applicable upstream license and notice obligations; review package source before redistribution.,os=linux; cpu=ppc64
@rollup/rollup-linux-riscv64-gnu,4.62.4,transitive,https://registry.npmjs.org/@rollup/rollup-linux-riscv64-gnu/-/rollup-linux-riscv64-gnu-4.62.4.tgz,MIT,Retain applicable upstream license and notice obligations; review package source before redistribution.,os=linux; cpu=riscv64
@rollup/rollup-linux-riscv64-musl,4.62.4,transitive,https://registry.npmjs.org/@rollup/rollup-linux-riscv64-musl/-/rollup-linux-riscv64-musl-4.62.4.tgz,MIT,Retain applicable upstream license and notice obligations; review package source before redistribution.,os=linux; cpu=riscv64
@rollup/rollup-linux-s390x-gnu,4.62.4,transitive,https://registry.npmjs.org/@rollup/rollup-linux-s390x-gnu/-/rollup-linux-s390x-gnu-4.62.4.tgz,MIT,Retain applicable upstream license and notice obligations; review package source before redistribution.,os=linux; cpu=s390x
@rollup/rollup-linux-x64-gnu,4.62.4,transitive,https://registry.npmjs.org/@rollup/rollup-linux-x64-gnu/-/rollup-linux-x64-gnu-4.62.4.tgz,MIT,Retain applicable upstream license and notice obligations; review package source before redistribution.,os=linux; cpu=x64
@rollup/rollup-linux-x64-musl,4.62.4,transitive,https://registry.npmjs.org/@rollup/rollup-linux-x64-musl/-/rollup-linux-x64-musl-4.62.4.tgz,MIT,Retain applicable upstream license and notice obligations; review package source before redistribution.,os=linux; cpu=x64
@rollup/rollup-openbsd-x64,4.62.4,transitive,https://registry.npmjs.org/@rollup/rollup-openbsd-x64/-/rollup-openbsd-x64-4.62.4.tgz,MIT,Retain applicable upstream license and notice obligations; review package source before redistribution.,os=openbsd; cpu=x64
@rollup/rollup-openharmony-arm64,4.62.4,transitive,https://registry.npmjs.org/@rollup/rollup-openharmony-arm64/-/rollup-openharmony-arm64-4.62.4.tgz,MIT,Retain applicable upstream license and notice obligations; review package source before redistribution.,os=openharmony; cpu=arm64
@rollup/rollup-win32-arm64-msvc,4.62.4,transitive,https://registry.npmjs.org/@rollup/rollup-win32-arm64-msvc/-/rollup-win32-arm64-msvc-4.62.4.tgz,MIT,Retain applicable upstream license and notice obligations; review package source before redistribution.,os=win32; cpu=arm64
@rollup/rollup-win32-ia32-msvc,4.62.4,transitive,https://registry.npmjs.org/@rollup/rollup-win32-ia32-msvc/-/rollup-win32-ia32-msvc-4.62.4.tgz,MIT,Retain applicable upstream license and notice obligations; review package source before redistribution.,os=win32; cpu=ia32
@rollup/rollup-win32-x64-gnu,4.62.4,transitive,https://registry.npmjs.org/@rollup/rollup-win32-x64-gnu/-/rollup-win32-x64-gnu-4.62.4.tgz,MIT,Retain applicable upstream license and notice obligations; review package source before redistribution.,os=win32; cpu=x64
@rollup/rollup-win32-x64-msvc,4.62.4,transitive,https://registry.npmjs.org/@rollup/rollup-win32-x64-msvc/-/rollup-win32-x64-msvc-4.62.4.tgz,MIT,Retain applicable upstream license and notice obligations; review package source before redistribution.,os=win32; cpu=x64
@sindresorhus/is,4.6.0,transitive,https://registry.npmjs.org/@sindresorhus/is/-/is-4.6.0.tgz,MIT,Retain applicable upstream license and notice obligations; review package source before redistribution.,none declared in package-lock
@szmarczak/http-timer,4.0.6,transitive,https://registry.npmjs.org/@szmarczak/http-timer/-/http-timer-4.0.6.tgz,MIT,Retain applicable upstream license and notice obligations; review package source before redistribution.,none declared in package-lock
@tanstack/react-table,8.21.3,direct-runtime,https://registry.npmjs.org/@tanstack/react-table/-/react-table-8.21.3.tgz,MIT,Retain applicable upstream license and notice obligations; review package source before redistribution.,none declared in package-lock
@tanstack/react-virtual,3.14.9,direct-runtime,https://registry.npmjs.org/@tanstack/react-virtual/-/react-virtual-3.14.9.tgz,MIT,Retain applicable upstream license and notice obligations; review package source before redistribution.,none declared in package-lock
@tanstack/table-core,8.21.3,transitive,https://registry.npmjs.org/@tanstack/table-core/-/table-core-8.21.3.tgz,MIT,Retain applicable upstream license and notice obligations; review package source before redistribution.,none declared in package-lock
@tanstack/virtual-core,3.17.7,transitive,https://registry.npmjs.org/@tanstack/virtual-core/-/virtual-core-3.17.7.tgz,MIT,Retain applicable upstream license and notice obligations; review package source before redistribution.,none declared in package-lock
@types/cacheable-request,6.0.3,transitive,https://registry.npmjs.org/@types/cacheable-request/-/cacheable-request-6.0.3.tgz,MIT,Retain applicable upstream license and notice obligations; review package source before redistribution.,none declared in package-lock
@types/d3-color,3.1.3,transitive,https://registry.npmjs.org/@types/d3-color/-/d3-color-3.1.3.tgz,MIT,Retain applicable upstream license and notice obligations; review package source before redistribution.,none declared in package-lock
@types/d3-drag,3.0.7,transitive,https://registry.npmjs.org/@types/d3-drag/-/d3-drag-3.0.7.tgz,MIT,Retain applicable upstream license and notice obligations; review package source before redistribution.,none declared in package-lock
@types/d3-interpolate,3.0.4,transitive,https://registry.npmjs.org/@types/d3-interpolate/-/d3-interpolate-3.0.4.tgz,MIT,Retain applicable upstream license and notice obligations; review package source before redistribution.,none declared in package-lock
@types/d3-selection,3.0.11,transitive,https://registry.npmjs.org/@types/d3-selection/-/d3-selection-3.0.11.tgz,MIT,Retain applicable upstream license and notice obligations; review package source before redistribution.,none declared in package-lock
@types/d3-transition,3.0.9,transitive,https://registry.npmjs.org/@types/d3-transition/-/d3-transition-3.0.9.tgz,MIT,Retain applicable upstream license and notice obligations; review package source before redistribution.,none declared in package-lock
@types/d3-zoom,3.0.8,transitive,https://registry.npmjs.org/@types/d3-zoom/-/d3-zoom-3.0.8.tgz,MIT,Retain applicable upstream license and notice obligations; review package source before redistribution.,none declared in package-lock
@types/estree,1.0.9,transitive,https://registry.npmjs.org/@types/estree/-/estree-1.0.9.tgz,MIT,Retain applicable upstream license and notice obligations; review package source before redistribution.,none declared in package-lock
@types/http-cache-semantics,4.2.0,transitive,https://registry.npmjs.org/@types/http-cache-semantics/-/http-cache-semantics-4.2.0.tgz,MIT,Retain applicable upstream license and notice obligations; review package source before redistribution.,none declared in package-lock
@types/keyv,3.1.4,transitive,https://registry.npmjs.org/@types/keyv/-/keyv-3.1.4.tgz,MIT,Retain applicable upstream license and notice obligations; review package source before redistribution.,none declared in package-lock
@types/node,22.20.1,direct-development,https://registry.npmjs.org/@types/node/-/node-22.20.1.tgz,MIT,Retain applicable upstream license and notice obligations; review package source before redistribution.,none declared in package-lock
@types/react,19.2.14,direct-development,https://registry.npmjs.org/@types/react/-/react-19.2.14.tgz,MIT,Retain applicable upstream license and notice obligations; review package source before redistribution.,none declared in package-lock
@types/react-dom,19.2.3,direct-development,https://registry.npmjs.org/@types/react-dom/-/react-dom-19.2.3.tgz,MIT,Retain applicable upstream license and notice obligations; review package source before redistribution.,none declared in package-lock
@types/responselike,1.0.3,transitive,https://registry.npmjs.org/@types/responselike/-/responselike-1.0.3.tgz,MIT,Retain applicable upstream license and notice obligations; review package source before redistribution.,none declared in package-lock
@types/trusted-types,2.0.7,transitive,https://registry.npmjs.org/@types/trusted-types/-/trusted-types-2.0.7.tgz,MIT,Retain applicable upstream license and notice obligations; review package source before redistribution.,none declared in package-lock
@types/yauzl,2.10.3,transitive,https://registry.npmjs.org/@types/yauzl/-/yauzl-2.10.3.tgz,MIT,Retain applicable upstream license and notice obligations; review package source before redistribution.,none declared in package-lock
@xyflow/react,12.11.2,direct-runtime,https://registry.npmjs.org/@xyflow/react/-/react-12.11.2.tgz,MIT,Retain applicable upstream license and notice obligations; review package source before redistribution.,none declared in package-lock
@xyflow/system,0.0.79,transitive,https://registry.npmjs.org/@xyflow/system/-/system-0.0.79.tgz,MIT,Retain applicable upstream license and notice obligations; review package source before redistribution.,none declared in package-lock
ajv,8.20.0,direct-runtime,https://registry.npmjs.org/ajv/-/ajv-8.20.0.tgz,MIT,Retain applicable upstream license and notice obligations; review package source before redistribution.,none declared in package-lock
ajv-formats,3.0.1,transitive,https://registry.npmjs.org/ajv-formats/-/ajv-formats-3.0.1.tgz,MIT,Retain applicable upstream license and notice obligations; review package source before redistribution.,none declared in package-lock
aria-hidden,1.2.6,transitive,https://registry.npmjs.org/aria-hidden/-/aria-hidden-1.2.6.tgz,MIT,Retain applicable upstream license and notice obligations; review package source before redistribution.,none declared in package-lock
atomically,2.1.1,transitive,https://registry.npmjs.org/atomically/-/atomically-2.1.1.tgz,MIT,Retain applicable upstream license and notice obligations; review package source before redistribution.,none declared in package-lock
boolean,3.2.0,transitive,https://registry.npmjs.org/boolean/-/boolean-3.2.0.tgz,MIT,Retain applicable upstream license and notice obligations; review package source before redistribution.,none declared in package-lock
buffer-crc32,0.2.13,transitive,https://registry.npmjs.org/buffer-crc32/-/buffer-crc32-0.2.13.tgz,MIT,Retain applicable upstream license and notice obligations; review package source before redistribution.,none declared in package-lock
cacheable-lookup,5.0.4,transitive,https://registry.npmjs.org/cacheable-lookup/-/cacheable-lookup-5.0.4.tgz,MIT,Retain applicable upstream license and notice obligations; review package source before redistribution.,none declared in package-lock
cacheable-request,7.0.4,transitive,https://registry.npmjs.org/cacheable-request/-/cacheable-request-7.0.4.tgz,MIT,Retain applicable upstream license and notice obligations; review package source before redistribution.,none declared in package-lock
classcat,5.0.5,transitive,https://registry.npmjs.org/classcat/-/classcat-5.0.5.tgz,MIT,Retain applicable upstream license and notice obligations; review package source before redistribution.,none declared in package-lock
clone-response,1.0.3,transitive,https://registry.npmjs.org/clone-response/-/clone-response-1.0.3.tgz,MIT,Retain applicable upstream license and notice obligations; review package source before redistribution.,none declared in package-lock
cmdk,1.1.1,direct-runtime,https://registry.npmjs.org/cmdk/-/cmdk-1.1.1.tgz,MIT,Retain applicable upstream license and notice obligations; review package source before redistribution.,none declared in package-lock
conf,14.0.0,transitive,https://registry.npmjs.org/conf/-/conf-14.0.0.tgz,MIT,Retain applicable upstream license and notice obligations; review package source before redistribution.,none declared in package-lock
csstype,3.2.3,transitive,https://registry.npmjs.org/csstype/-/csstype-3.2.3.tgz,MIT,Retain applicable upstream license and notice obligations; review package source before redistribution.,none declared in package-lock
d3-color,3.1.0,transitive,https://registry.npmjs.org/d3-color/-/d3-color-3.1.0.tgz,ISC,Retain applicable upstream license and notice obligations; review package source before redistribution.,none declared in package-lock
d3-dispatch,3.0.1,transitive,https://registry.npmjs.org/d3-dispatch/-/d3-dispatch-3.0.1.tgz,ISC,Retain applicable upstream license and notice obligations; review package source before redistribution.,none declared in package-lock
d3-drag,3.0.0,transitive,https://registry.npmjs.org/d3-drag/-/d3-drag-3.0.0.tgz,ISC,Retain applicable upstream license and notice obligations; review package source before redistribution.,none declared in package-lock
d3-ease,3.0.1,transitive,https://registry.npmjs.org/d3-ease/-/d3-ease-3.0.1.tgz,BSD-3-Clause,Retain applicable upstream license and notice obligations; review package source before redistribution.,none declared in package-lock
d3-interpolate,3.0.1,transitive,https://registry.npmjs.org/d3-interpolate/-/d3-interpolate-3.0.1.tgz,ISC,Retain applicable upstream license and notice obligations; review package source before redistribution.,none declared in package-lock
d3-selection,3.0.0,transitive,https://registry.npmjs.org/d3-selection/-/d3-selection-3.0.0.tgz,ISC,Retain applicable upstream license and notice obligations; review package source before redistribution.,none declared in package-lock
d3-timer,3.0.1,transitive,https://registry.npmjs.org/d3-timer/-/d3-timer-3.0.1.tgz,ISC,Retain applicable upstream license and notice obligations; review package source before redistribution.,none declared in package-lock
d3-transition,3.0.1,transitive,https://registry.npmjs.org/d3-transition/-/d3-transition-3.0.1.tgz,ISC,Retain applicable upstream license and notice obligations; review package source before redistribution.,none declared in package-lock
d3-zoom,3.0.0,transitive,https://registry.npmjs.org/d3-zoom/-/d3-zoom-3.0.0.tgz,ISC,Retain applicable upstream license and notice obligations; review package source before redistribution.,none declared in package-lock
debounce-fn,6.0.0,transitive,https://registry.npmjs.org/debounce-fn/-/debounce-fn-6.0.0.tgz,MIT,Retain applicable upstream license and notice obligations; review package source before redistribution.,none declared in package-lock
debug,4.4.3,transitive,https://registry.npmjs.org/debug/-/debug-4.4.3.tgz,MIT,Retain applicable upstream license and notice obligations; review package source before redistribution.,none declared in package-lock
decompress-response,6.0.0,transitive,https://registry.npmjs.org/decompress-response/-/decompress-response-6.0.0.tgz,MIT,Retain applicable upstream license and notice obligations; review package source before redistribution.,none declared in package-lock
defer-to-connect,2.0.1,transitive,https://registry.npmjs.org/defer-to-connect/-/defer-to-connect-2.0.1.tgz,MIT,Retain applicable upstream license and notice obligations; review package source before redistribution.,none declared in package-lock
define-data-property,1.1.4,transitive,https://registry.npmjs.org/define-data-property/-/define-data-property-1.1.4.tgz,MIT,Retain applicable upstream license and notice obligations; review package source before redistribution.,none declared in package-lock
define-properties,1.2.1,transitive,https://registry.npmjs.org/define-properties/-/define-properties-1.2.1.tgz,MIT,Retain applicable upstream license and notice obligations; review package source before redistribution.,none declared in package-lock
detect-node,2.1.0,transitive,https://registry.npmjs.org/detect-node/-/detect-node-2.1.0.tgz,MIT,Retain applicable upstream license and notice obligations; review package source before redistribution.,none declared in package-lock
detect-node-es,1.1.0,transitive,https://registry.npmjs.org/detect-node-es/-/detect-node-es-1.1.0.tgz,MIT,Retain applicable upstream license and notice obligations; review package source before redistribution.,none declared in package-lock
dockview,7.0.4,transitive,https://registry.npmjs.org/dockview/-/dockview-7.0.4.tgz,MIT,Retain applicable upstream license and notice obligations; review package source before redistribution.,none declared in package-lock
dockview-core,7.0.4,transitive,https://registry.npmjs.org/dockview-core/-/dockview-core-7.0.4.tgz,MIT,Retain applicable upstream license and notice obligations; review package source before redistribution.,none declared in package-lock
dockview-react,7.0.4,direct-runtime,https://registry.npmjs.org/dockview-react/-/dockview-react-7.0.4.tgz,MIT,Retain applicable upstream license and notice obligations; review package source before redistribution.,none declared in package-lock
dompurify,3.4.8,transitive,https://registry.npmjs.org/dompurify/-/dompurify-3.4.8.tgz,(MPL-2.0 OR Apache-2.0),Retain applicable upstream license and notice obligations; review package source before redistribution.,none declared in package-lock
dot-prop,9.0.0,transitive,https://registry.npmjs.org/dot-prop/-/dot-prop-9.0.0.tgz,MIT,Retain applicable upstream license and notice obligations; review package source before redistribution.,none declared in package-lock
echarts,6.1.0,direct-runtime,https://registry.npmjs.org/echarts/-/echarts-6.1.0.tgz,Apache-2.0,Retain applicable upstream license and notice obligations; review package source before redistribution.,none declared in package-lock
electron,39.8.10,direct-development,https://registry.npmjs.org/electron/-/electron-39.8.10.tgz,MIT,Retain applicable upstream license and notice obligations; review package source before redistribution.,install-script
electron-store,10.1.0,direct-runtime,https://registry.npmjs.org/electron-store/-/electron-store-10.1.0.tgz,MIT,Retain applicable upstream license and notice obligations; review package source before redistribution.,none declared in package-lock
end-of-stream,1.4.5,transitive,https://registry.npmjs.org/end-of-stream/-/end-of-stream-1.4.5.tgz,MIT,Retain applicable upstream license and notice obligations; review package source before redistribution.,none declared in package-lock
env-paths,2.2.1,transitive,https://registry.npmjs.org/env-paths/-/env-paths-2.2.1.tgz,MIT,Retain applicable upstream license and notice obligations; review package source before redistribution.,none declared in package-lock
env-paths,3.0.0,transitive,https://registry.npmjs.org/env-paths/-/env-paths-3.0.0.tgz,MIT,Retain applicable upstream license and notice obligations; review package source before redistribution.,none declared in package-lock
es-define-property,1.0.1,transitive,https://registry.npmjs.org/es-define-property/-/es-define-property-1.0.1.tgz,MIT,Retain applicable upstream license and notice obligations; review package source before redistribution.,none declared in package-lock
es-errors,1.3.0,transitive,https://registry.npmjs.org/es-errors/-/es-errors-1.3.0.tgz,MIT,Retain applicable upstream license and notice obligations; review package source before redistribution.,none declared in package-lock
es6-error,4.1.1,transitive,https://registry.npmjs.org/es6-error/-/es6-error-4.1.1.tgz,MIT,Retain applicable upstream license and notice obligations; review package source before redistribution.,none declared in package-lock
esbuild,0.25.12,transitive,https://registry.npmjs.org/esbuild/-/esbuild-0.25.12.tgz,MIT,Retain applicable upstream license and notice obligations; review package source before redistribution.,install-script
escape-string-regexp,4.0.0,transitive,https://registry.npmjs.org/escape-string-regexp/-/escape-string-regexp-4.0.0.tgz,MIT,Retain applicable upstream license and notice obligations; review package source before redistribution.,none declared in package-lock
extract-zip,2.0.1,transitive,https://registry.npmjs.org/extract-zip/-/extract-zip-2.0.1.tgz,BSD-2-Clause,Retain applicable upstream license and notice obligations; review package source before redistribution.,none declared in package-lock
fancy-canvas,2.1.0,transitive,https://registry.npmjs.org/fancy-canvas/-/fancy-canvas-2.1.0.tgz,MIT,Retain applicable upstream license and notice obligations; review package source before redistribution.,none declared in package-lock
fast-deep-equal,3.1.3,transitive,https://registry.npmjs.org/fast-deep-equal/-/fast-deep-equal-3.1.3.tgz,MIT,Retain applicable upstream license and notice obligations; review package source before redistribution.,none declared in package-lock
fast-uri,3.1.5,transitive,https://registry.npmjs.org/fast-uri/-/fast-uri-3.1.5.tgz,BSD-3-Clause,Retain applicable upstream license and notice obligations; review package source before redistribution.,none declared in package-lock
fd-slicer,1.1.0,transitive,https://registry.npmjs.org/fd-slicer/-/fd-slicer-1.1.0.tgz,MIT,Retain applicable upstream license and notice obligations; review package source before redistribution.,none declared in package-lock
fdir,6.5.0,transitive,https://registry.npmjs.org/fdir/-/fdir-6.5.0.tgz,MIT,Retain applicable upstream license and notice obligations; review package source before redistribution.,none declared in package-lock
fs-extra,8.1.0,transitive,https://registry.npmjs.org/fs-extra/-/fs-extra-8.1.0.tgz,MIT,Retain applicable upstream license and notice obligations; review package source before redistribution.,none declared in package-lock
fsevents,2.3.3,transitive,https://registry.npmjs.org/fsevents/-/fsevents-2.3.3.tgz,MIT,Retain applicable upstream license and notice obligations; review package source before redistribution.,install-script; os=darwin
get-nonce,1.0.1,transitive,https://registry.npmjs.org/get-nonce/-/get-nonce-1.0.1.tgz,MIT,Retain applicable upstream license and notice obligations; review package source before redistribution.,none declared in package-lock
get-stream,5.2.0,transitive,https://registry.npmjs.org/get-stream/-/get-stream-5.2.0.tgz,MIT,Retain applicable upstream license and notice obligations; review package source before redistribution.,none declared in package-lock
global-agent,3.0.0,transitive,https://registry.npmjs.org/global-agent/-/global-agent-3.0.0.tgz,BSD-3-Clause,Retain applicable upstream license and notice obligations; review package source before redistribution.,none declared in package-lock
globalthis,1.0.4,transitive,https://registry.npmjs.org/globalthis/-/globalthis-1.0.4.tgz,MIT,Retain applicable upstream license and notice obligations; review package source before redistribution.,none declared in package-lock
gopd,1.2.0,transitive,https://registry.npmjs.org/gopd/-/gopd-1.2.0.tgz,MIT,Retain applicable upstream license and notice obligations; review package source before redistribution.,none declared in package-lock
got,11.8.6,transitive,https://registry.npmjs.org/got/-/got-11.8.6.tgz,MIT,Retain applicable upstream license and notice obligations; review package source before redistribution.,none declared in package-lock
graceful-fs,4.2.11,transitive,https://registry.npmjs.org/graceful-fs/-/graceful-fs-4.2.11.tgz,ISC,Retain applicable upstream license and notice obligations; review package source before redistribution.,none declared in package-lock
has-property-descriptors,1.0.2,transitive,https://registry.npmjs.org/has-property-descriptors/-/has-property-descriptors-1.0.2.tgz,MIT,Retain applicable upstream license and notice obligations; review package source before redistribution.,none declared in package-lock
http-cache-semantics,4.2.0,transitive,https://registry.npmjs.org/http-cache-semantics/-/http-cache-semantics-4.2.0.tgz,BSD-2-Clause,Retain applicable upstream license and notice obligations; review package source before redistribution.,none declared in package-lock
http2-wrapper,1.0.3,transitive,https://registry.npmjs.org/http2-wrapper/-/http2-wrapper-1.0.3.tgz,MIT,Retain applicable upstream license and notice obligations; review package source before redistribution.,none declared in package-lock
json-buffer,3.0.1,transitive,https://registry.npmjs.org/json-buffer/-/json-buffer-3.0.1.tgz,MIT,Retain applicable upstream license and notice obligations; review package source before redistribution.,none declared in package-lock
json-schema-traverse,1.0.0,transitive,https://registry.npmjs.org/json-schema-traverse/-/json-schema-traverse-1.0.0.tgz,MIT,Retain applicable upstream license and notice obligations; review package source before redistribution.,none declared in package-lock
json-schema-typed,8.0.2,transitive,https://registry.npmjs.org/json-schema-typed/-/json-schema-typed-8.0.2.tgz,BSD-2-Clause,Retain applicable upstream license and notice obligations; review package source before redistribution.,none declared in package-lock
json-stringify-safe,5.0.1,transitive,https://registry.npmjs.org/json-stringify-safe/-/json-stringify-safe-5.0.1.tgz,ISC,Retain applicable upstream license and notice obligations; review package source before redistribution.,none declared in package-lock
jsonfile,4.0.0,transitive,https://registry.npmjs.org/jsonfile/-/jsonfile-4.0.0.tgz,MIT,Retain applicable upstream license and notice obligations; review package source before redistribution.,none declared in package-lock
keyv,4.5.4,transitive,https://registry.npmjs.org/keyv/-/keyv-4.5.4.tgz,MIT,Retain applicable upstream license and notice obligations; review package source before redistribution.,none declared in package-lock
lightweight-charts,5.2.0,direct-runtime,https://registry.npmjs.org/lightweight-charts/-/lightweight-charts-5.2.0.tgz,Apache-2.0,Retain applicable upstream license and notice obligations; review package source before redistribution.,none declared in package-lock
lowercase-keys,2.0.0,transitive,https://registry.npmjs.org/lowercase-keys/-/lowercase-keys-2.0.0.tgz,MIT,Retain applicable upstream license and notice obligations; review package source before redistribution.,none declared in package-lock
marked,14.0.0,transitive,https://registry.npmjs.org/marked/-/marked-14.0.0.tgz,MIT,Retain applicable upstream license and notice obligations; review package source before redistribution.,none declared in package-lock
matcher,3.0.0,transitive,https://registry.npmjs.org/matcher/-/matcher-3.0.0.tgz,MIT,Retain applicable upstream license and notice obligations; review package source before redistribution.,none declared in package-lock
mimic-function,5.0.1,transitive,https://registry.npmjs.org/mimic-function/-/mimic-function-5.0.1.tgz,MIT,Retain applicable upstream license and notice obligations; review package source before redistribution.,none declared in package-lock
mimic-response,1.0.1,transitive,https://registry.npmjs.org/mimic-response/-/mimic-response-1.0.1.tgz,MIT,Retain applicable upstream license and notice obligations; review package source before redistribution.,none declared in package-lock
mimic-response,3.1.0,transitive,https://registry.npmjs.org/mimic-response/-/mimic-response-3.1.0.tgz,MIT,Retain applicable upstream license and notice obligations; review package source before redistribution.,none declared in package-lock
monaco-editor,0.56.0,direct-runtime,https://registry.npmjs.org/monaco-editor/-/monaco-editor-0.56.0.tgz,MIT,Retain applicable upstream license and notice obligations; review package source before redistribution.,none declared in package-lock
ms,2.1.3,transitive,https://registry.npmjs.org/ms/-/ms-2.1.3.tgz,MIT,Retain applicable upstream license and notice obligations; review package source before redistribution.,none declared in package-lock
nanoid,3.3.18,transitive,https://registry.npmjs.org/nanoid/-/nanoid-3.3.18.tgz,MIT,Retain applicable upstream license and notice obligations; review package source before redistribution.,none declared in package-lock
normalize-url,6.1.0,transitive,https://registry.npmjs.org/normalize-url/-/normalize-url-6.1.0.tgz,MIT,Retain applicable upstream license and notice obligations; review package source before redistribution.,none declared in package-lock
object-keys,1.1.1,transitive,https://registry.npmjs.org/object-keys/-/object-keys-1.1.1.tgz,MIT,Retain applicable upstream license and notice obligations; review package source before redistribution.,none declared in package-lock
once,1.4.0,transitive,https://registry.npmjs.org/once/-/once-1.4.0.tgz,ISC,Retain applicable upstream license and notice obligations; review package source before redistribution.,none declared in package-lock
p-cancelable,2.1.1,transitive,https://registry.npmjs.org/p-cancelable/-/p-cancelable-2.1.1.tgz,MIT,Retain applicable upstream license and notice obligations; review package source before redistribution.,none declared in package-lock
pend,1.2.0,transitive,https://registry.npmjs.org/pend/-/pend-1.2.0.tgz,MIT,Retain applicable upstream license and notice obligations; review package source before redistribution.,none declared in package-lock
picocolors,1.1.1,transitive,https://registry.npmjs.org/picocolors/-/picocolors-1.1.1.tgz,ISC,Retain applicable upstream license and notice obligations; review package source before redistribution.,none declared in package-lock
picomatch,4.0.5,transitive,https://registry.npmjs.org/picomatch/-/picomatch-4.0.5.tgz,MIT,Retain applicable upstream license and notice obligations; review package source before redistribution.,none declared in package-lock
postcss,8.5.26,transitive,https://registry.npmjs.org/postcss/-/postcss-8.5.26.tgz,MIT,Retain applicable upstream license and notice obligations; review package source before redistribution.,none declared in package-lock
progress,2.0.3,transitive,https://registry.npmjs.org/progress/-/progress-2.0.3.tgz,MIT,Retain applicable upstream license and notice obligations; review package source before redistribution.,none declared in package-lock
pump,3.0.4,transitive,https://registry.npmjs.org/pump/-/pump-3.0.4.tgz,MIT,Retain applicable upstream license and notice obligations; review package source before redistribution.,none declared in package-lock
quick-lru,5.1.1,transitive,https://registry.npmjs.org/quick-lru/-/quick-lru-5.1.1.tgz,MIT,Retain applicable upstream license and notice obligations; review package source before redistribution.,none declared in package-lock
react,19.2.7,direct-runtime,https://registry.npmjs.org/react/-/react-19.2.7.tgz,MIT,Retain applicable upstream license and notice obligations; review package source before redistribution.,none declared in package-lock
react-dom,19.2.7,direct-runtime,https://registry.npmjs.org/react-dom/-/react-dom-19.2.7.tgz,MIT,Retain applicable upstream license and notice obligations; review package source before redistribution.,none declared in package-lock
react-remove-scroll,2.7.2,transitive,https://registry.npmjs.org/react-remove-scroll/-/react-remove-scroll-2.7.2.tgz,MIT,Retain applicable upstream license and notice obligations; review package source before redistribution.,none declared in package-lock
react-remove-scroll-bar,2.3.8,transitive,https://registry.npmjs.org/react-remove-scroll-bar/-/react-remove-scroll-bar-2.3.8.tgz,MIT,Retain applicable upstream license and notice obligations; review package source before redistribution.,none declared in package-lock
react-style-singleton,2.2.3,transitive,https://registry.npmjs.org/react-style-singleton/-/react-style-singleton-2.2.3.tgz,MIT,Retain applicable upstream license and notice obligations; review package source before redistribution.,none declared in package-lock
require-from-string,2.0.2,transitive,https://registry.npmjs.org/require-from-string/-/require-from-string-2.0.2.tgz,MIT,Retain applicable upstream license and notice obligations; review package source before redistribution.,none declared in package-lock
resolve-alpn,1.2.1,transitive,https://registry.npmjs.org/resolve-alpn/-/resolve-alpn-1.2.1.tgz,MIT,Retain applicable upstream license and notice obligations; review package source before redistribution.,none declared in package-lock
responselike,2.0.1,transitive,https://registry.npmjs.org/responselike/-/responselike-2.0.1.tgz,MIT,Retain applicable upstream license and notice obligations; review package source before redistribution.,none declared in package-lock
roarr,2.15.4,transitive,https://registry.npmjs.org/roarr/-/roarr-2.15.4.tgz,BSD-3-Clause,Retain applicable upstream license and notice obligations; review package source before redistribution.,none declared in package-lock
rollup,4.62.4,transitive,https://registry.npmjs.org/rollup/-/rollup-4.62.4.tgz,MIT,Retain applicable upstream license and notice obligations; review package source before redistribution.,none declared in package-lock
scheduler,0.27.0,transitive,https://registry.npmjs.org/scheduler/-/scheduler-0.27.0.tgz,MIT,Retain applicable upstream license and notice obligations; review package source before redistribution.,none declared in package-lock
semver,6.3.1,transitive,https://registry.npmjs.org/semver/-/semver-6.3.1.tgz,ISC,Retain applicable upstream license and notice obligations; review package source before redistribution.,none declared in package-lock
semver,7.8.5,transitive,https://registry.npmjs.org/semver/-/semver-7.8.5.tgz,ISC,Retain applicable upstream license and notice obligations; review package source before redistribution.,none declared in package-lock
semver,7.8.5,transitive,https://registry.npmjs.org/semver/-/semver-7.8.5.tgz,ISC,Retain applicable upstream license and notice obligations; review package source before redistribution.,none declared in package-lock
semver-compare,1.0.0,transitive,https://registry.npmjs.org/semver-compare/-/semver-compare-1.0.0.tgz,MIT,Retain applicable upstream license and notice obligations; review package source before redistribution.,none declared in package-lock
serialize-error,7.0.1,transitive,https://registry.npmjs.org/serialize-error/-/serialize-error-7.0.1.tgz,MIT,Retain applicable upstream license and notice obligations; review package source before redistribution.,none declared in package-lock
source-map-js,1.2.1,transitive,https://registry.npmjs.org/source-map-js/-/source-map-js-1.2.1.tgz,BSD-3-Clause,Retain applicable upstream license and notice obligations; review package source before redistribution.,none declared in package-lock
sprintf-js,1.1.3,transitive,https://registry.npmjs.org/sprintf-js/-/sprintf-js-1.1.3.tgz,BSD-3-Clause,Retain applicable upstream license and notice obligations; review package source before redistribution.,none declared in package-lock
stubborn-fs,2.0.0,transitive,https://registry.npmjs.org/stubborn-fs/-/stubborn-fs-2.0.0.tgz,MIT,Retain applicable upstream license and notice obligations; review package source before redistribution.,none declared in package-lock
stubborn-utils,1.0.2,transitive,https://registry.npmjs.org/stubborn-utils/-/stubborn-utils-1.0.2.tgz,MIT,Retain applicable upstream license and notice obligations; review package source before redistribution.,none declared in package-lock
sumchecker,3.0.1,transitive,https://registry.npmjs.org/sumchecker/-/sumchecker-3.0.1.tgz,Apache-2.0,Retain applicable upstream license and notice obligations; review package source before redistribution.,none declared in package-lock
tinyglobby,0.2.17,transitive,https://registry.npmjs.org/tinyglobby/-/tinyglobby-0.2.17.tgz,MIT,Retain applicable upstream license and notice obligations; review package source before redistribution.,none declared in package-lock
tslib,2.3.0,transitive,https://registry.npmjs.org/tslib/-/tslib-2.3.0.tgz,0BSD,Retain applicable upstream license and notice obligations; review package source before redistribution.,none declared in package-lock
tslib,2.3.0,transitive,https://registry.npmjs.org/tslib/-/tslib-2.3.0.tgz,0BSD,Retain applicable upstream license and notice obligations; review package source before redistribution.,none declared in package-lock
tslib,2.8.1,transitive,https://registry.npmjs.org/tslib/-/tslib-2.8.1.tgz,0BSD,Retain applicable upstream license and notice obligations; review package source before redistribution.,none declared in package-lock
type-fest,0.13.1,transitive,https://registry.npmjs.org/type-fest/-/type-fest-0.13.1.tgz,(MIT OR CC0-1.0),Retain applicable upstream license and notice obligations; review package source before redistribution.,none declared in package-lock
type-fest,4.41.0,transitive,https://registry.npmjs.org/type-fest/-/type-fest-4.41.0.tgz,(MIT OR CC0-1.0),Retain applicable upstream license and notice obligations; review package source before redistribution.,none declared in package-lock
type-fest,4.41.0,transitive,https://registry.npmjs.org/type-fest/-/type-fest-4.41.0.tgz,(MIT OR CC0-1.0),Retain applicable upstream license and notice obligations; review package source before redistribution.,none declared in package-lock
typescript,5.9.3,direct-development,https://registry.npmjs.org/typescript/-/typescript-5.9.3.tgz,Apache-2.0,Retain applicable upstream license and notice obligations; review package source before redistribution.,none declared in package-lock
uint8array-extras,1.5.0,transitive,https://registry.npmjs.org/uint8array-extras/-/uint8array-extras-1.5.0.tgz,MIT,Retain applicable upstream license and notice obligations; review package source before redistribution.,none declared in package-lock
undici-types,6.21.0,transitive,https://registry.npmjs.org/undici-types/-/undici-types-6.21.0.tgz,MIT,Retain applicable upstream license and notice obligations; review package source before redistribution.,none declared in package-lock
universalify,0.1.2,transitive,https://registry.npmjs.org/universalify/-/universalify-0.1.2.tgz,MIT,Retain applicable upstream license and notice obligations; review package source before redistribution.,none declared in package-lock
use-callback-ref,1.3.3,transitive,https://registry.npmjs.org/use-callback-ref/-/use-callback-ref-1.3.3.tgz,MIT,Retain applicable upstream license and notice obligations; review package source before redistribution.,none declared in package-lock
use-sidecar,1.1.3,transitive,https://registry.npmjs.org/use-sidecar/-/use-sidecar-1.1.3.tgz,MIT,Retain applicable upstream license and notice obligations; review package source before redistribution.,none declared in package-lock
use-sync-external-store,1.6.0,transitive,https://registry.npmjs.org/use-sync-external-store/-/use-sync-external-store-1.6.0.tgz,MIT,Retain applicable upstream license and notice obligations; review package source before redistribution.,none declared in package-lock
vite,6.4.3,direct-development,https://registry.npmjs.org/vite/-/vite-6.4.3.tgz,MIT,Retain applicable upstream license and notice obligations; review package source before redistribution.,none declared in package-lock
when-exit,2.1.5,transitive,https://registry.npmjs.org/when-exit/-/when-exit-2.1.5.tgz,MIT,Retain applicable upstream license and notice obligations; review package source before redistribution.,none declared in package-lock
wrappy,1.0.2,transitive,https://registry.npmjs.org/wrappy/-/wrappy-1.0.2.tgz,ISC,Retain applicable upstream license and notice obligations; review package source before redistribution.,none declared in package-lock
yauzl,2.10.0,transitive,https://registry.npmjs.org/yauzl/-/yauzl-2.10.0.tgz,MIT,Retain applicable upstream license and notice obligations; review package source before redistribution.,none declared in package-lock
zrender,6.1.0,transitive,https://registry.npmjs.org/zrender/-/zrender-6.1.0.tgz,BSD-3-Clause,Retain applicable upstream license and notice obligations; review package source before redistribution.,none declared in package-lock
zustand,4.5.7,direct-runtime,https://registry.npmjs.org/zustand/-/zustand-4.5.7.tgz,MIT,Retain applicable upstream license and notice obligations; review package source before redistribution.,none declared in package-lock
zustand,5.0.14,direct-runtime,https://registry.npmjs.org/zustand/-/zustand-5.0.14.tgz,MIT,Retain applicable upstream license and notice obligations; review package source before redistribution.,none declared in package-lock
